<?xml version="1.0" encoding="UTF-8"?>
<!DOCTYPE suite SYSTEM "https://testng.org/testng-1.0.dtd">
<suite name="Suite" parallel="tests">

	<test thread-count="3" name="Smoke" verbose="5">
		<parameter name="browser" value="chrome"></parameter>
		<parameter name="url" value="http://leaftaps.com/opentaps/"></parameter>
		<parameter name="username" value="demoSalesManager"></parameter>
		<parameter name="password" value="crmsfa"></parameter>
		<classes>
			<class name="testcase.CreateLead" />
		</classes>					
	</test> <!-- Test -->
	<!-- <test thread-count="2" name="Smoke1" verbose="5">
		<parameter name="browser" value="edge"></parameter>
		<parameter name="url" value="http://leaftaps.com/opentaps/"></parameter>
		<parameter name="username" value="demoSalesManager"></parameter>
		<parameter name="password" value="crmsfa"></parameter>
		<classes>
			<class name="testcase.CreateLead" />

		</classes>
	</test> -->
</suite> <!-- Suite -->